keys,en,uk,pl,be,kz,ru
TABLE_PHASE_SETUP,"Stage: preparation","Етап: підготовка","Etap: przygotowanie","Этап: падрыхтоўка","Кезең: дайындық","Этап: подготовка"
TABLE_PHASE_BIDDING,"bidding","замовлення взяток","licytacja lew","заказ узятак","алынатын ұпайға тапсырыс","заказ взяток"
TABLE_PHASE_BLIND_BIDDING,"blind bidding","замовлення наосліп","licytacja w ciemno","заказ усляпую","жасырын тапсырыс","заказ вслепую"
TABLE_PHASE_PLAYING,"playing tricks","розіграш взяток","rozgrywanie lew","розыгрыш узятак","ұтыстарды ойнау","розыгрыш взяток"
TABLE_PHASE_FINISHED,"finished","завершено","zakończona","завершана","аяқталды","завершена"
TABLE_ROUND_PROGRESS,"Round %d/%d · %s","Роздача %d/%d · %s","Rozdanie %d/%d · %s","Раздача %d/%d · %s","Тарату %d/%d · %s","Раздача %d/%d · %s"
TABLE_DARK_PROGRESS,"Dark %d/%d · %s","Темна %d/%d · %s","Ciemna %d/%d · %s","Цёмная %d/%d · %s","Жасырын %d/%d · %s","Тёмная %d/%d · %s"
TABLE_NO_TRUMP_PROGRESS,"No-trump %d/%d · %s","Безкозирна %d/%d · %s","Bez atu %d/%d · %s","Бесказырная %d/%d · %s","Козырьсіз %d/%d · %s","Бескозырка %d/%d · %s"
TABLE_GOLDEN_PROGRESS,"Golden %d/%d · %s","Золота %d/%d · %s","Złota %d/%d · %s","Залатая %d/%d · %s","Алтын %d/%d · %s","Золотая %d/%d · %s"
TABLE_MISERE_PROGRESS,"Misère %d/%d · %s","Мізерна %d/%d · %s","Mizerka %d/%d · %s","Мізэрная %d/%d · %s","Мизер %d/%d · %s","Мизерная %d/%d · %s"
ROUND_NORMAL,"Normal","Звичайна","Zwykła","Звычайная","Қалыпты","Обычная"
ROUND_DARK,"Dark","Темна","Ciemna","Цёмная","Жасырын","Тёмная"
ROUND_NO_TRUMP,"No-trump","Безкозирна","Bez atu","Бесказырная","Козырьсіз","Бескозырка"
ROUND_GOLDEN,"Golden","Золота","Złota","Залатая","Алтын","Золотая"
ROUND_MISERE,"Misère","Мізерна","Mizerka","Мізэрная","Мизер","Мизерная"
TRUMP_NONE_NAME,"no trump","без козиря","bez atu","без козыра","козырьсіз","без козыря"
TRUMP_UNDEFINED_NAME,"not determined","не визначено","nieokreślony","не вызначаны","анықталмаған","не определён"
TRUMP_PLACEHOLDER,"Trump: —","Козир: —","Atut: —","Козыр: —","Козырь: —","Козырь: —"
TRUMP_SPECIAL_NONE,"%s: no trump","%s: без козиря","%s: bez atu","%s: без козыра","%s: козырьсіз","%s: козырей нет"
TRUMP_SPECIAL_SUIT,"%s: trump %s","%s: козир %s","%s: atut %s","%s: козыр %s","%s: козырь %s","%s: козырь %s"
TRUMP_NO_TRUMP,"No-trump: no trump suit","Безкозирна: козирів немає","Bez atu: brak koloru atutowego","Бесказырная: козыраў няма","Козырьсіз: козырь жоқ","Бескозырка: козырей нет"
TRUMP_DARK,"%s: trump %s · cards are hidden until bidding ends","%s: козир %s · карти приховані до завершення замовлень","%s: atut %s · karty są ukryte do końca licytacji","%s: козыр %s · карты схаваныя да канца заказаў","%s: козырь %s · карталар тапсырыс аяқталғанша жасырын","%s: козырь %s · карты скрыты до завершения заказов"
TRUMP_FIXED,"Trump: %s (scheduled)","Козир: %s (за розкладом)","Atut: %s (według harmonogramu)","Козыр: %s (па раскладзе)","Козырь: %s (кесте бойынша)","Козырь: %s (задан)"
TRUMP_OPEN_JOKER,"Revealed %s (no trump)","Відкрито %s (без козиря)","Odkryto %s (bez atu)","Адкрыты %s (без козыра)","%s ашылды (козырьсіз)","Открыта %s (бескозырка)"
TRUMP_OPEN_CARD,"Revealed %s · trump %s","Відкрито %s · козир %s","Odkryto %s · atut %s","Адкрыта %s · козыр %s","%s ашылды · козырь %s","Открыта %s · козырь %s"
TRUMP_MARKER,"Trump suit: %s","Козирна масть: %s","Kolor atutowy: %s","Казырная масць: %s","Козырь түсі: %s","Козырная масть: %s"
TRUMP_NO_SUIT,"No trump","Без козиря","Bez atu","Без козыра","Козырь жоқ","Без козыря"
TRUMP_CARD_TOOLTIP,"The revealed card determines the trump suit.","Відкрита карта визначає козир.","Odkryta karta wyznacza atut.","Адкрытая карта вызначае козыр.","Ашық карта козырьді анықтайды.","Открытая карта определяет козырь."
TRUMP_NETWORK_CARD_TOOLTIP,"The revealed card and the remaining deck are public round information.","Відкрита карта й залишок колоди — публічна інформація роздачі.","Odkryta karta i pozostała talia są publiczną informacją rozdania.","Адкрытая карта і рэшта калоды — публічная інфармацыя раздачы.","Ашық карта мен колода қалдығы — таратудың ашық ақпараты.","Открытая карта и остаток колоды — публичная информация сетевой раздачи."
TRUMP_WILL_OPEN_TOOLTIP,"Trump will be determined by the revealed card after dealing.","Козир визначиться відкритою картою після роздачі.","Atut zostanie określony przez odkrytą kartę po rozdaniu.","Козыр вызначыцца адкрытай картай пасля раздачы.","Козырь тарату аяқталғаннан кейін ашық картамен анықталады.","Козырь определится открытой картой после раздачи."
TRUMP_NOT_OPEN,"Trump has not been revealed yet","Козир ще не відкрито","Atut nie został jeszcze odkryty","Козыр яшчэ не адкрыты","Козырь әлі ашылған жоқ","Козырь ещё не открыт"
TRUMP_MARKER_TOOLTIP,"This is only a trump-suit marker, not a card from the deck.","Це лише позначка козирної масті, а не карта з колоди.","To tylko znacznik koloru atutowego, a nie karta z talii.","Гэта толькі знак казырнай масці, а не карта з калоды.","Бұл тек козырь түсінің белгісі, колодадағы карта емес.","Это только маркер козырной масти, не карта из колоды."
TRUMP_NONE_TOOLTIP,"There is no trump suit in this round.","У цій роздачі козирів немає.","W tym rozdaniu nie ma atu.","У гэтай раздачы козыраў няма.","Бұл таратуда козырь жоқ.","В этой раздаче козырей нет."
DECK_OPEN_JOKER,"Revealed Joker · no trump","Відкритий Джокер · без козиря","Odkryty Joker · bez atu","Адкрыты Джокер · без козыра","Ашық Джокер · козырьсіз","Открытый Джокер · бескозырка"
DECK_OPEN_TRUMP,"Revealed trump · cards left: %d","Відкритий козир · у колоді: %d","Odkryty atut · kart w talii: %d","Адкрыты козыр · у калодзе: %d","Ашық козырь · колодада: %d","Открытый козырь · в колоде: %d"
PLAYER_TURN_PREFIX,"Turn · ","Хід · ","Ruch · ","Ход · ","Жүріс · ","Ход · "
PLAYER_YOU,"You","Ви","Ty","Ты","Сіз","Ты"
PLAYER_ORDER,"Bid","Замовлено","Zamówiono","Заказ","Тапсырыс","Заказ"
PLAYER_TAKEN,"Taken","Взято","Wzięto","Узята","Алынды","Взято"
PLAYER_SCORE,"Score: %d","Рахунок: %d","Wynik: %d","Рахунак: %d","Ұпай: %d","Счёт: %d"
PLAYER_SCORE_CHANGE,"Score: %d   %s","Рахунок: %d   %s","Wynik: %d   %s","Рахунак: %d   %s","Ұпай: %d   %s","Счёт: %d   %s"
PLAYER_AVATAR_TOOLTIP,"Player avatar","Аватар гравця","Awatar gracza","Аватар гульца","Ойыншы аватары","Аватар игрока"
PLAYER_IS_PLAYING_SOUND,"This player is playing a sound","Цей гравець зараз відтворює звук","Ten gracz odtwarza dźwięk","Гэты гулец зараз прайгравае гук","Бұл ойыншы қазір дыбыс ойнатып жатыр","Этот игрок сейчас воспроизводит звук"
PLAYER_RECONNECTING_PREFIX,"Reconnecting · ","Перепідключення · ","Ponowne łączenie · ","Перападключэнне · ","Қайта қосылу · ","Переподключается · "
PLAYER_TEMP_BOT_PREFIX,"Temporary bot · ","Тимчасовий бот · ","Tymczasowy bot · ","Часовы бот · ","Уақытша бот · ","Временный бот · "
PLAYER_RECONNECTING_STATUS,"Reconnecting…","Перепідключення…","Ponowne łączenie…","Перападключэнне…","Қайта қосылуда…","Переподключается…"
PLAYER_TEMP_BOT_STATUS,"Bot is playing until the player returns","Бот грає до повернення гравця","Bot gra do powrotu gracza","Бот гуляе да вяртання гульца","Ойыншы оралғанша бот ойнайды","Бот играет до возвращения игрока"
PLAYER_TOOLTIP,"Player: %s","Гравець: %s","Gracz: %s","Гулец: %s","Ойыншы: %s","Игрок: %s"
PLAYER_SEND_GIFT,"Send a gift","Надіслати подарунок","Wyślij prezent","Адправіць падарунак","Сыйлық жіберу","Отправить подарок"
PLAYER_MUTE,"Mute this player's soundpad","Вимкнути саундпад цього гравця","Wycisz soundpad tego gracza","Выключыць саўндпад гэтага гульца","Осы ойыншының саундпадын өшіру","Выключить саундпад этого игрока"
PLAYER_UNMUTE,"Unmute this player's soundpad","Увімкнути саундпад цього гравця","Włącz soundpad tego gracza","Уключыць саўндпад гэтага гульца","Осы ойыншының саундпадын қосу","Включить саундпад этого игрока"
TURN_BADGE,"TURN","ХІД","RUCH","ХОД","ЖҮРІС","ХОД"
TABLE_NEXT_TRICK,"Next trick","Наступна взятка","Następna lewa","Наступная ўзятка","Келесі ұтыс","Следующая взятка"
TABLE_CURRENT_TRICK,"Current trick","Поточна взятка","Bieżąca lewa","Бягучая ўзятка","Ағымдағы ұтыс","Текущая взятка"
TABLE_LAST_TRICK,"Last trick","Остання взятка","Ostatnia lewa","Апошняя ўзятка","Соңғы ұтыс","Последняя взятка"
TABLE_TRICK_WINNER,"%s takes the trick.","Взятку забирає %s.","Lewę bierze %s.","Узятку забірае %s.","Ұтысты %s алды.","Взятку забирает %s."
ACTION_PREPARING,"Preparing the game","Підготовка партії","Przygotowanie gry","Падрыхтоўка партыі","Ойын дайындалуда","Подготовка партии"
ACTION_YOUR_BID,"Your bid: choose the number of tricks.","Ваше замовлення: виберіть кількість взяток.","Twój zakład: wybierz liczbę lew.","Твой заказ: выберы колькасць узятак.","Тапсырысыңыз: ұтыс санын таңдаңыз.","Твой заказ: выбери число взяток."
ACTION_PLAYER_BIDS,"%s is bidding","%s робить замовлення","%s licytuje","%s робіць заказ","%s тапсырыс беруде","Заказывает %s"
ACTION_CHOOSE_JOKER,"Choose the Joker condition.","Виберіть умову для Джокера.","Wybierz warunek Jokera.","Выберы ўмову для Джокера.","Джокер шартын таңдаңыз.","Выбери условие для Джокера."
ACTION_YOUR_TURN,"Your turn: choose an available card.","Ваш хід: виберіть доступну карту.","Twój ruch: wybierz dostępną kartę.","Твой ход: выберы даступную карту.","Сіздің жүрісіңіз: қолжетімді картаны таңдаңыз.","Твой ход: выбери доступную карту в руке."
ACTION_PLAYER_TURN,"%s is playing","Ходить %s","Ruch gracza %s","Ходзіць %s","%s жүріп жатыр","Ходит %s"
ACTION_ROUND_FINISHED,"The round is over. Results are shown in the middle of the table.","Роздачу завершено. Підсумки — у центрі столу.","Rozdanie zakończone. Wyniki są na środku stołu.","Раздача завершана. Вынікі — у цэнтры стала.","Тарату аяқталды. Нәтижелер үстелдің ортасында.","Раздача завершена. Итоги — в центре стола."
ACTION_ALL_BIDS_DONE,"All bids are in. Cards have been dealt — play begins.","Усі замовлення зроблено. Карти роздано — починається розіграш.","Wszystkie zakłady złożone. Karty rozdane — zaczyna się gra.","Усе заказы зроблены. Карты раздадзены — пачынаецца розыгрыш.","Барлық тапсырыс жасалды. Карталар таратылды — ойын басталады.","Все заказы сделаны. Карты сданы — начинается розыгрыш."
BID_BUTTON,"Bid %d","Замовити %d","Zamów %d","Заказаць %d","%d тапсырыс","Заказать %d"
HAND_HIDDEN_DARK,"Cards will be dealt after every player has made a bid.","Карти буде роздано після того, як усі гравці зроблять замовлення.","Karty zostaną rozdane, gdy wszyscy gracze złożą zakłady.","Карты будуць раздадзены пасля таго, як усе гульцы зробяць заказ.","Барлық ойыншы тапсырыс бергеннен кейін карталар таратылады.","Карты будут сданы после того, как все игроки сделают заказ."
HAND_PREMOVE_SELECTED,"AUTO-PLAY ✓","АВТОХІД ✓","AUTO-RUCH ✓","АЎТАХОД ✓","АВТОЖҮРІС ✓","АВТОХОД ✓"
HAND_PREMOVE_CONFIRM,"CONFIRM","ПІДТВЕРДЬТЕ","POTWIERDŹ","ПАЦВЕРДЗІЦЕ","РАСТАҢЫЗ","ПОДТВЕРДИ"
SORT_BY_SUIT,"By suit","За мастями","Kolorami","Па масцях","Түсі бойынша","По мастям"
SORT_TRUMPS_LEFT,"Trumps left","Козирі ліворуч","Atuty po lewej","Казыры злева","Козырь сол жақта","Козыри слева"
UNDO_MOVE,"↶ Undo move","↶ Повернути хід","↶ Cofnij ruch","↶ Вярнуць ход","↶ Жүрісті қайтару","↶ Вернуть ход"
HISTORY_TITLE,"Round history","Хід роздачі","Przebieg rozdania","Ход раздачы","Тарату барысы","Ход раздачи"
HISTORY_EMPTY,"Round history: —","Хід роздачі: —","Przebieg rozdania: —","Ход раздачы: —","Тарату барысы: —","Ход раздачи: —"
HISTORY_BUTTON,"History","Історія","Historia","Гісторыя","Тарих","История"
HISTORY_LAST_BUTTON,"Last trick","Остання взятка","Ostatnia lewa","Апошняя ўзятка","Соңғы ұтыс","Последняя взятка"
HISTORY_HIDE,"Hide history","Сховати історію","Ukryj historię","Схаваць гісторыю","Тарихты жасыру","Скрыть историю"
HISTORY_SHOW,"Show history","Показати історію","Pokaż historię","Паказаць гісторыю","Тарихты көрсету","Показать историю"
HISTORY_HIDE_LAST,"Hide last trick","Сховати останню взятку","Ukryj ostatnią lewę","Схаваць апошнюю ўзятку","Соңғы ұтысты жасыру","Скрыть последнюю взятку"
HISTORY_SHOW_LAST,"Show last trick","Показати останню взятку","Pokaż ostatnią lewę","Паказаць апошнюю ўзятку","Соңғы ұтысты көрсету","Показать последнюю взятку"
HISTORY_NO_COMPLETED,"No completed tricks yet.","Завершених взяток ще немає.","Nie ma jeszcze zakończonych lew.","Завершаных узятак пакуль няма.","Әзірге аяқталған ұтыс жоқ.","Завершённых взяток пока нет."
HISTORY_TAKEN_BY,"Taken by: %s","Забрав: %s","Wziął: %s","Забраў: %s","Алған: %s","Забрал: %s"
HISTORY_NO_CARDS,"There are no cards on the table yet.","На столі ще немає карт.","Na stole nie ma jeszcze kart.","На стале пакуль няма карт.","Үстелде әзірге карта жоқ.","На столе пока нет карт."
HISTORY_TRUMP,"Trump: %s.","Козир: %s.","Atut: %s.","Козыр: %s.","Козырь: %s.","Козырь: %s."
HISTORY_FIRST_BID,"%s bids first.","Першим замовляє %s.","%s licytuje pierwszy.","Першым заказвае %s.","%s бірінші тапсырыс береді.","Первым заказывает: %s."
HISTORY_FIRST_PLAY_NO_BIDS,"No bidding. %s plays first.","Без замовлень. Першим ходить %s.","Bez licytacji. %s rusza pierwszy.","Без заказаў. Першым ходзіць %s.","Тапсырыс жоқ. %s бірінші жүреді.","Раздача без заказов. Первым ходит: %s."
HISTORY_ROUND_FINISHED,"Round finished.","Роздачу завершено.","Rozdanie zakończone.","Раздача завершана.","Тарату аяқталды.","Раздача завершена."
RESULTS_ROUND,"ROUND RESULTS","ПІДСУМКИ РОЗДАЧІ","WYNIKI ROZDANIA","ВЫНІКІ РАЗДАЧЫ","ТАРАТУ НӘТИЖЕЛЕРІ","ИТОГИ РАЗДАЧИ"
RESULTS_GAME,"GAME RESULTS","ПІДСУМКИ ПАРТІЇ","WYNIKI GRY","ВЫНІКІ ПАРТЫІ","ОЙЫН НӘТИЖЕЛЕРІ","ИТОГИ ПАРТИИ"
NEXT_ROUND,"Next round","Наступна роздача","Następne rozdanie","Наступная раздача","Келесі тарату","Следующая раздача"
NEXT_ROUND_AUTO_START_TOOLTIP,"Next round in %d sec","Наступна роздача через %d с","Następne rozdanie za %d s","Наступная раздача праз %d с","Келесі таратуға %d с","Следующая раздача через %d с"
SCORE_SHEET,"Score sheet","Розписка","Tabela wyników","Распіска","Есеп кестесі","Расписка"
SCORE_SHEET_ICON,"📋 Score sheet","📋 Розписка","📋 Tabela wyników","📋 Распіска","📋 Есеп кестесі","📋 Расписка"
MENU_TABLE,"☰ Menu","☰ Меню","☰ Menu","☰ Меню","☰ Мәзір","☰ Меню"
MUSIC_TITLE,"♫ Music","♫ Музика","♫ Muzyka","♫ Музыка","♫ Музыка","♫ Музыка"
MUSIC_PAUSE,"Ⅱ Pause","Ⅱ Пауза","Ⅱ Pauza","Ⅱ Паўза","Ⅱ Үзіліс","Ⅱ Пауза"
CHAT_OPEN,"Open table chat","Відкрити чат столу","Otwórz czat stołu","Адкрыць чат стала","Үстел чатын ашу","Открыть чат стола"
CHAT_TITLE,"CHAT","ЧАТ","CZAT","ЧАТ","ЧАТ","ЧАТ"
CHAT_EMPTY,"No messages yet.","Повідомлень ще немає.","Brak wiadomości.","Паведамленняў пакуль няма.","Әзірге хабарлама жоқ.","Сообщений пока нет."
CHAT_PLACEHOLDER,"Message all players…","Повідомлення всім гравцям…","Wiadomość do wszystkich graczy…","Паведамленне ўсім гульцам…","Барлық ойыншыға хабарлама…","Сообщение всем игрокам…"
CHAT_SEND,"Send","Надіслати","Wyślij","Адправіць","Жіберу","Отправить"
CHAT_LIMIT,"Up to 180 characters · no more than one message per second","До 180 символів · не частіше одного повідомлення на секунду","Do 180 znaków · nie częściej niż jedna wiadomość na sekundę","Да 180 сімвалаў · не часцей за адно паведамленне ў секунду","180 таңбаға дейін · секундына бір хабарламадан жиі емес","До 180 символов · не чаще одного сообщения в секунду"
CHAT_SENT,"Message sent.","Повідомлення надіслано.","Wiadomość wysłana.","Паведамленне адпраўлена.","Хабарлама жіберілді.","Сообщение отправлено."
CHAT_ENTER_MESSAGE,"Enter a message.","Введіть повідомлення.","Wpisz wiadomość.","Увядзі паведамленне.","Хабарлама енгізіңіз.","Введите сообщение."
CHAT_TOO_FAST,"Too fast — wait a second.","Занадто швидко — зачекайте секунду.","Za szybko — poczekaj sekundę.","Занадта хутка — пачакай секунду.","Тым жылдам — бір секунд күтіңіз.","Слишком быстро — подождите секунду."
CHAT_SEND_FAILED,"Message not sent: the network table is unavailable.","Повідомлення не надіслано: мережевий стіл недоступний.","Wiadomość nie została wysłana: stół sieciowy jest niedostępny.","Паведамленне не адпраўлена: сеткавы стол недаступны.","Хабарлама жіберілмеді: желілік үстел қолжетімсіз.","Сообщение не отправлено: сетевой стол пока недоступен."
JOKER_NAME,"Joker","Джокер","Joker","Джокер","Джокер","Джокер"
JOKER_TAKES,"Joker takes","Джокер забирає","Joker bierze","Джокер забірае","Джокер алады","Джокер забирает"
JOKER_DISCARD,"Discard Joker (does not take)","Скинути Джокера (не забирає)","Odrzuć Jokera (nie bierze)","Скінуць Джокера (не забірае)","Джокерді тастау (алмайды)","Сбросить Джокер (не забирает)"
JOKER_CANCEL,"Back to hand","Повернутися до карт","Wróć do kart","Вярнуцца да карт","Қолға оралу","Вернуться к картам"
JOKER_DECLARE_SUIT,"Declare %s","Оголосити %s","Zadeklaruj %s","Абвясціць %s","%s жариялау","Объявить %s"
JOKER_CHOOSE_OTHER_SUIT,"← Choose another suit","← Вибрати іншу масть","← Wybierz inny kolor","← Выбраць іншую масць","← Басқа түсті таңдау","← Выбрать другую масть"
JOKER_HIGH_TAKES,"%s: highest card takes","%s: старша карта забирає","%s: najwyższa karta bierze","%s: старэйшая карта забірае","%s: үлкен карта алады","%s: старшая забирает"
JOKER_LOW_TAKES,"%s: lowest card takes","%s: молодша карта забирає","%s: najniższa karta bierze","%s: малодшая карта забірае","%s: кіші карта алады","%s: младшая забирает"
JOKER_PLAY_HIGH_TAKES,"%s: play the highest — Joker takes","%s: кладіть старшу — Джокер забирає","%s: zagraj najwyższą — Joker bierze","%s: кладзіце старэйшую — Джокер забірае","%s: үлкенін салыңыз — Джокер алады","%s: кладите старшую — Джокер забирает"
JOKER_PLAY_LOW_TAKES,"%s: play the lowest — Joker takes","%s: кладіть молодшу — Джокер забирає","%s: zagraj najniższą — Joker bierze","%s: кладзіце малодшую — Джокер забірае","%s: кішісін салыңыз — Джокер алады","%s: кладите младшую — Джокер забирает"
JOKER_PLAY_HIGH_NOT_TAKES,"%s: play the highest — Joker does not take","%s: кладіть старшу — Джокер не забирає","%s: zagraj najwyższą — Joker nie bierze","%s: кладзіце старэйшую — Джокер не забірае","%s: үлкенін салыңыз — Джокер алмайды","%s: кладите старшую — Джокер не забирает"
JOKER_PLAY_LOW_NOT_TAKES,"%s: play the lowest — Joker does not take","%s: кладіть молодшу — Джокер не забирає","%s: zagraj najniższą — Joker nie bierze","%s: кладзіце малодшую — Джокер не забірае","%s: кішісін салыңыз — Джокер алмайды","%s: кладите младшую — Джокер не забирает"
JOKER_STATUS_TAKES,"TAKES","ЗАБИРАЄ","BIERZE","ЗАБІРАЕ","АЛАДЫ","ЗАБИРАЕТ"
JOKER_STATUS_NOT_TAKES,"DOESN'T TAKE","НЕ БЕРЕ","NIE BIERZE","НЕ БЯРЭ","АЛМАЙДЫ","НЕ БЕРЁТ"
JOKER_STATUS_HIGH,"HIGH","СТАРША","WYSOKA","СТАРЭЙШАЯ","ҮЛКЕН","СТАРШАЯ"
JOKER_STATUS_LOW,"LOW","МОЛОДША","NISKA","МАЛОДШАЯ","КІШІ","МЛАДШАЯ"
DEALER_TOOLTIP,"Dealer","Той, хто здає","Rozdający","Той, хто здае","Таратушы","Сдающий"
LEAD_MARKER,"Lead","Захід","Wyjście","Заход","Бастау","Заход"
LEAD_TOOLTIP,"Starts the current trick","Починає поточну взятку","Rozpoczyna bieżącą lewę","Пачынае бягучую ўзятку","Ағымдағы ұтысты бастайды","Начинает текущую взятку"
WAITING_NETWORK_PHASE,"Stage: connecting to the network table","Етап: підключення до мережевого столу","Etap: łączenie ze stołem sieciowym","Этап: падключэнне да сеткавага стала","Кезең: желілік үстелге қосылу","Этап: подключение к сетевому столу"
WAITING_NETWORK_TRUMP,"Trump will be revealed after the round starts","Козир буде відкрито після початку роздачі","Atut zostanie odkryty po rozpoczęciu rozdania","Козыр будзе адкрыты пасля пачатку раздачы","Козырь тарату басталғаннан кейін ашылады","Козырь будет открыт после запуска раздачи"
WAITING_NETWORK_ACTION,"Waiting for a secure table snapshot from the host.","Очікуємо безпечний знімок столу від хоста.","Oczekiwanie na bezpieczny stan stołu od hosta.","Чакаем бяспечны здымак стала ад хоста.","Хосттан қауіпсіз үстел күйін күтеміз.","Ожидаем безопасный снимок стола от хоста."
WAITING_NETWORK_TABLE,"The network table is waiting for the round to start","Мережевий стіл очікує початку роздачі","Stół sieciowy czeka na rozpoczęcie rozdania","Сеткавы стол чакае пачатку раздачы","Желілік үстел таратудың басталуын күтуде","Сетевой стол ожидает начала раздачи"
TABLE_NETWORK_ROUND_HEADER,"Round %d · %s · %s","Роздача %d · %s · %s","Rozdanie %d · %s · %s","Раздача %d · %s · %s","Тарату %d · %s · %s","Раздача %d · %s · %s"
ACTION_WAIT_HOST,"Waiting for the host","Очікування дій хоста","Oczekiwanie na hosta","Чаканне дзеянняў хоста","Хост әрекетін күту","Ожидание действий хоста"
ACTION_UNDO_REQUEST,"%s requests an undo · %d sec. left","%s просить повернути хід · залишилося %d с.","%s prosi o cofnięcie ruchu · pozostało %d s","%s просіць вярнуць ход · засталося %d с.","%s жүрісті қайтаруды сұрайды · %d сек. қалды","%s просит вернуть ход · осталось %d с."
ACTION_RECONNECTING,"%s is reconnecting. The game is waiting for the player to return.","%s перепідключається. Партія очікує повернення гравця.","%s łączy się ponownie. Gra czeka na powrót gracza.","%s перападключаецца. Партыя чакае вяртання гульца.","%s қайта қосылуда. Ойын ойыншының оралуын күтуде.","%s переподключается. Партия ожидает возвращения игрока."
ACTION_PREMOVE_READY,"Auto-play ready: %s. The card will be played automatically on your turn.","Автохід готовий: %s. Карта зіграє автоматично під час вашого ходу.","Auto-ruch gotowy: %s. Karta zostanie zagrana automatycznie w twojej turze.","Аўтаход гатовы: %s. Карта згуляе аўтаматычна ў твой ход.","Автожүріс дайын: %s. Карта сіздің жүрісіңізде автоматты түрде ойналады.","Автоход готов: %s. Карта сыграет автоматически в твой ход."
ACTION_PREMOVE_CONFIRM,"Auto-play: press the selected card again to confirm.","Автохід: натисніть вибрану карту ще раз для підтвердження.","Auto-ruch: naciśnij wybraną kartę ponownie, aby potwierdzić.","Аўтаход: націсні выбраную карту яшчэ раз для пацверджання.","Автожүріс: растау үшін таңдалған картаны қайта басыңыз.","Автоход: нажми выбранную карту ещё раз для подтверждения."
ROUND_START_FAILED,"Could not start the round.","Не вдалося почати роздачу.","Nie udało się rozpocząć rozdania.","Не ўдалося пачаць раздачу.","Таратуды бастау мүмкін болмады.","Не удалось начать раздачу."
ROUND_START_NO_BIDS,"%s %d of %d. No bidding; dealer: %s.","%s %d з %d. Без замовлень; здає: %s.","%s %d z %d. Bez licytacji; rozdaje: %s.","%s %d з %d. Без заказаў; здае: %s.","%s %d/%d. Тапсырыс жоқ; таратушы: %s.","%s раздача %d из %d. Заказов нет; сдающий: %s."
ROUND_START_WITH_DEALER,"%s %d of %d. Dealer: %s.","%s %d з %d. Здає: %s.","%s %d z %d. Rozdaje: %s.","%s %d з %d. Здае: %s.","%s %d/%d. Таратушы: %s.","%s %d из %d. Сдающий: %s."
ROUND_START_DARK,"%s %d of %d. Blind bidding; dealer: %s.","%s %d з %d. Замовлення наосліп; здає: %s.","%s %d z %d. Licytacja w ciemno; rozdaje: %s.","%s %d з %d. Заказ усляпую; здае: %s.","%s %d/%d. Жасырын тапсырыс; таратушы: %s.","%s раздача %d из %d. Заказ вслепую; сдающий: %s."
ROUND_FIRST_PLAYER," %s bids and plays first."," Першим замовляє та ходить %s."," %s licytuje i rusza jako pierwszy."," Першым заказвае і ходзіць %s."," %s бірінші тапсырыс беріп, бірінші жүреді."," Первым заказывает и ходит %s."
ACTION_DARK_BID,"Dark round: bid the number of tricks blindly.","Темна роздача: замовте кількість взяток наосліп.","Ciemna runda: zalicytuj liczbę lew w ciemno.","Цёмная раздача: закажы колькасць узятак усляпую.","Жасырын тарату: ұтыс санын көрмей тапсырыңыз.","Тёмная: закажи число взяток вслепую."
ACTION_NO_TRUMP_BID,"No-trump: choose the number of tricks.","Безкозирна: виберіть кількість взяток.","Bez atu: wybierz liczbę lew.","Бесказырная: выберы колькасць узятак.","Козырьсіз: ұтыс санын таңдаңыз.","Бескозырка: выбери число взяток."
ACTION_AUTOMATIC_BID_FAILED,"Automatic bidding failed.","Не вдалося виконати автоматичне замовлення.","Automatyczna licytacja nie powiodła się.","Не ўдалося зрабіць аўтаматычны заказ.","Автоматты тапсырыс орындалмады.","Ошибка автоматического заказа."
ACTION_PLAYER_BID,"%s bids %d.","%s замовляє %d.","%s licytuje %d.","%s заказвае %d.","%s %d тапсырыс берді.","%s заказывает %d."
ACTION_AUTO_CARD_MISSING,"The automatic player could not find a legal card.","Автоматичний гравець не знайшов допустимої карти.","Automatyczny gracz nie znalazł dozwolonej karty.","Аўтаматычны гулец не знайшоў дазволенай карты.","Автоматты ойыншы рұқсат етілген картаны таппады.","Автоматический игрок не нашёл допустимую карту."
ACTION_AUTO_CARD_INVALID,"Invalid automatic move.","Недопустимий автоматичний хід.","Niedozwolony automatyczny ruch.","Недапушчальны аўтаматычны ход.","Жарамсыз автоматты жүріс.","Недопустимый автоматический ход."
ACTION_BID_UNAVAILABLE,"This bid is not available now.","Це замовлення зараз недоступне.","Ten zakład jest teraz niedostępny.","Гэты заказ цяпер недаступны.","Бұл тапсырыс қазір қолжетімсіз.","Этот заказ сейчас недоступен."
ACTION_YOU_BID,"You bid %d.","Ви замовляєте %d.","Licytujesz %d.","Ты заказваеш %d.","Сіз %d тапсырыс бердіңіз.","Ты заказываешь %d."
ACTION_CARD_UNAVAILABLE,"You cannot play this card now.","Цю карту зараз не можна зіграти.","Nie możesz teraz zagrać tej karty.","Гэтую карту цяпер нельга згуляць.","Бұл картамен қазір жүруге болмайды.","Эту карту сейчас играть нельзя."
ACTION_CHOOSE_JOKER_SUIT,"Choose the condition for %s.","Виберіть умову для %s.","Wybierz warunek dla %s.","Выберы ўмову для %s.","%s үшін шартты таңдаңыз.","Выбери условие для %s."
ACTION_JOKER_FAILED,"The Joker condition could not be applied.","Не вдалося застосувати умову Джокера.","Nie udało się zastosować warunku Jokera.","Не ўдалося прымяніць умову Джокера.","Джокер шартын қолдану мүмкін болмады.","Условие Джокера не удалось применить."
ACTION_UNDO_VOTING,"Undo request: bots are voting…","Запит на повернення ходу: боти голосують…","Prośba o cofnięcie ruchu: boty głosują…","Запыт на вяртанне ходу: боты галасуюць…","Жүрісті қайтару сұрауы: боттар дауыс беруде…","Запрос на возврат хода: боты голосуют…"
ACTION_UNDO_APPROVED,"%s agrees to undo the move.","%s погоджується повернути хід.","%s zgadza się cofnąć ruch.","%s згодны вярнуць ход.","%s жүрісті қайтаруға келісті.","%s согласен вернуть ход."
ACTION_UNDO_DONE,"The bots agreed. The previous move was undone.","Боти погодилися. Попередній хід скасовано.","Boty się zgodziły. Poprzedni ruch został cofnięty.","Боты пагадзіліся. Мінулы ход адменены.","Боттар келісті. Алдыңғы жүріс қайтарылды.","Боты согласились. Прошлый ход отменён."
ACTION_TRICK_WINNER,"The trick goes to %s.","Взятку забирає %s.","Lewę bierze %s.","Узятку забірае %s.","Ұтысты %s алады.","Взятку забирает %s."
ACTION_YOU_PLAYED,"You played %s.","Ви зіграли %s.","Zagrałeś %s.","Ты згуляў %s.","Сіз %s картасымен жүрдіңіз.","Ты сыграл %s."
ACTION_PLAYER_PLAYED,"%s played %s.","%s зіграв %s.","%s zagrał %s.","%s згуляў %s.","%s %s картасымен жүрді.","%s сыграл %s."
TRICK_NOT_STARTED,"The trick has not started yet","Взятка ще не почалася","Lewa jeszcze się nie rozpoczęła","Узятка яшчэ не пачалася","Ұтыс әлі басталған жоқ","Взятка ещё не началась"
RESULT_TAKEN,"taken","взято","wzięto","узята","алынды","взято"
RESULT_SCORE,"score","рахунок","wynik","лік","есеп","счёт"
RESULT_NO_BID,"no bid","без замовлення","bez zakładu","без заказу","тапсырыссыз","без заказа"
RESULT_BID_FULFILLED,"bid %d fulfilled","замовлення %d виконано","zakład %d wykonany","заказ %d выкананы","%d тапсырыс орындалды","заказ %d выполнен"
RESULT_BID_SHORT,"short by %d (bid %d)","недобір %d (замовлення %d)","niedobór %d (zakład %d)","недабор %d (заказ %d)","%d кем (тапсырыс %d)","недобор %d (заказ %d)"
RESULT_BID_OVER,"over by %d (bid %d)","перебір %d (замовлення %d)","nadmiar %d (zakład %d)","перабор %d (заказ %d)","%d артық (тапсырыс %d)","перебор %d (заказ %d)"
RESULT_ROUND_COMPLETE,"Round complete.","Роздачу завершено.","Rozdanie zakończone.","Раздача завершана.","Тарату аяқталды.","Раздача завершена."
RESULT_GAME_COMPLETE,"Game complete.","Партію завершено.","Gra zakończona.","Партыя завершана.","Ойын аяқталды.","Партия завершена."
RESULT_TOTAL_TRICKS,"total tricks","усього взяток","łącznie lew","усяго ўзятак","барлық ұтыс","всего взяток"
RESULT_EXACT_BIDS,"exact bids","точних замовлень","trafionych zakładów","дакладных заказаў","дәл тапсырыстар","точных заказов"
RESULT_FINAL_PLAIN,"%s %s · %s — %d pts · total %d tricks · exact bids: %d","%s %s · %s — %d оч. · усього %d вз. · точних замовлень: %d","%s %s · %s — %d pkt · łącznie %d lew · trafionych zakładów: %d","%s %s · %s — %d ачк. · усяго %d уз. · дакладных заказаў: %d","%s %s · %s — %d ұпай · барлығы %d ұтыс · дәл тапсырыс: %d","%s %s · %s — %d очк. · всего %d вз. · точных заказов: %d"
RESULT_PLACE_UNDEFINED,"place not determined","місце не визначено","miejsce nieustalone","месца не вызначана","орын анықталмады","место не определено"
RESULT_PLACE,"place %d","%d-е місце","%d. miejsce","%d-е месца","%d-орын","%d-е место"
RESULT_PLACE_SHARED,"%s (shared)","%s (нічия)","%s (remis)","%s (нічыя)","%s (тең)","%s (ничья)"
MUSIC_VOLUME_TITLE,"Music volume","Гучність музики","Głośność muzyki","Гучнасць музыкі","Музыка деңгейі","Громкость музыки"
MUSIC_REPEAT_STATE,"↻ Repeat: %s","↻ Повтор: %s","↻ Powtarzanie: %s","↻ Паўтор: %s","↻ Қайталау: %s","↻ Повтор: %s"
MUSIC_SHUFFLE_STATE,"⤨ Shuffle: %s","⤨ Випадково: %s","⤨ Losowo: %s","⤨ Выпадкова: %s","⤨ Кездейсоқ: %s","⤨ Случайно: %s"
MUSIC_ON,"on","увімк","wł.","укл","қос.","вкл"
MUSIC_OFF,"off","вимк","wył.","выкл","өш.","выкл"
MUSIC_REPEAT_TOOLTIP,"Repeat the current track when it ends","Повторювати поточний трек після завершення","Powtarzaj bieżący utwór po zakończeniu","Паўтараць бягучы трэк пасля завяршэння","Ағымдағы трек аяқталғанда қайталау","После окончания повторять текущий трек"
MUSIC_SHUFFLE_TOOLTIP,"Choose a random next track when the current one ends","Після завершення вибирати випадковий наступний трек","Po zakończeniu wybierz losowy następny utwór","Пасля завяршэння выбіраць выпадковы наступны трэк","Ағымдағы трек аяқталғанда келесісін кездейсоқ таңдау","После окончания выбирать случайный следующий трек"
MUSIC_ADD_FOLDER,"📁 Add folder","📁 Додати папку","📁 Dodaj folder","📁 Дадаць папку","📁 Қалта қосу","📁 Добавить папку"
MUSIC_CLEAR_CUSTOM,"Clear mine","Очистити власні","Usuń własne","Ачысціць свае","Өз тректерімді тазалау","Очистить свои"
MUSIC_CLEAR_CUSTOM_TOOLTIP,"Remove only personally added tracks from the playlist","Видалити з плейлиста лише власноруч додані треки","Usuń z playlisty tylko własne dodane utwory","Выдаліць з плэйліста толькі ўласныя дададзеныя трэкі","Ойнату тізімінен тек өзіңіз қосқан тректерді жою","Удалить из плейлиста только добавленные треки"
MUSIC_PLAYLIST,"Playlist","Плейлист","Playlista","Плэйліст","Ойнату тізімі","Плейлист"
MUSIC_SEARCH_PLACEHOLDER,"Search by title","Пошук за назвою","Szukaj po tytule","Пошук па назве","Атауы бойынша іздеу","Поиск по названию"
MUSIC_NOT_FOUND,"Nothing found","Нічого не знайдено","Nic nie znaleziono","Нічога не знойдзена","Ештеңе табылмады","Ничего не найдено"
MUSIC_PAGE_RANGE,"%d–%d of %d","%d–%d з %d","%d–%d z %d","%d–%d з %d","%d–%d / %d","%d–%d из %d"
MUSIC_PLAY,"▶ Play","▶ Грати","▶ Odtwórz","▶ Граць","▶ Ойнату","▶ Играть"
MUSIC_TRACK_QUIET_TABLE,"Quiet Table","Тихий стіл","Cichy stół","Ціхі стол","Тыныш үстел","Тихий стол"
MUSIC_TRACK_NIGHT_DECK,"Night Deck","Нічна колода","Nocna talia","Начная калода","Түнгі колода","Ночная колода"
MUSIC_TRACK_WARM_CIRCLE,"Warm Circle","Тепле коло","Ciepły krąg","Цёплае кола","Жылы шеңбер","Тёплый круг"
MUSIC_IMPORT_FOLDER_FAILED,"Could not open the selected folder.","Не вдалося відкрити вибрану папку.","Nie udało się otworzyć wybranego folderu.","Не ўдалося адкрыць выбраную папку.","Таңдалған қалтаны ашу мүмкін болмады.","Не удалось открыть выбранную папку."
MUSIC_IMPORT_NO_FILES,"No MP3, Ogg Vorbis or WAV files were found in the folder.","У папці не знайдено файлів MP3, Ogg Vorbis або WAV.","W folderze nie znaleziono plików MP3, Ogg Vorbis ani WAV.","У папцы не знойдзены файлы MP3, Ogg Vorbis або WAV.","Қалтадан MP3, Ogg Vorbis немесе WAV файлдары табылмады.","В папке не найдено MP3, Ogg Vorbis или WAV-файлов."
MUSIC_IMPORT_NO_NEW_TRACKS,"No new suitable tracks were added.","Не додано жодного нового відповідного треку.","Nie dodano żadnych nowych odpowiednich utworów.","Не дададзена ніводнага новага прыдатнага трэка.","Жаңа жарамды трек қосылмады.","Ни одного нового подходящего трека не добавлено."
MUSIC_IMPORT_SUMMARY,"Added: %d · skipped: %d.","Додано: %d · пропущено: %d.","Dodano: %d · pominięto: %d.","Дададзена: %d · прапушчана: %d.","Қосылды: %d · өткізіліп жіберілді: %d.","Добавлено: %d · пропущено: %d."
MUSIC_CUSTOM_PLAYLIST_CLEARED,"Personal playlist cleared.","Власний плейлист очищено.","Własna playlista została wyczyszczona.","Асабісты плэйліст ачышчаны.","Жеке ойнату тізімі тазаланды.","Личный плейлист очищен."
